NÃ£o Consolidado,31/12/1986,31/12/1987,31/12/1988,31/03/1989,30/06/1989,30/09/1989,31/12/1989,31/03/1990,30/06/1990,30/09/1990,31/12/1990,31/03/1991,30/06/1991,30/09/1991,31/12/1991,31/03/1992,30/06/1992,30/09/1992,31/12/1992,31/03/1993,30/06/1993,30/09/1993,31/12/1993,31/03/1994,30/06/1994,30/09/1994,31/12/1994,31/03/1995,30/06/1995,30/09/1995,31/12/1995,31/03/1996,30/06/1996,30/09/1996,31/12/1996,31/03/1997,30/06/1997,30/09/1997,31/12/1997,31/03/1998,30/06/1998,30/09/1998,31/12/1998,31/03/1999,30/06/1999,30/09/1999,31/12/1999,31/03/2000,30/06/2000,30/09/2000,31/12/2000,31/03/2001,30/06/2001,30/09/2001,31/12/2001,31/03/2002,30/06/2002,30/09/2002,31/12/2002,31/03/2003,30/06/2003,30/09/2003,31/12/2003,31/03/2004,30/06/2004,30/09/2004,31/12/2004,31/03/2005,30/06/2005,30/09/2005,31/12/2005,31/03/2006,30/06/2006,30/09/2006,31/12/2006,31/03/2007,30/06/2007,30/09/2007,31/12/2007,31/03/2008,30/06/2008,30/09/2008,31/12/2008,31/03/2009,30/06/2009,30/09/2009,31/12/2009,31/03/2010,30/06/2010,30/09/2010,31/12/2010,31/03/2011,30/06/2011,30/09/2011,31/12/2011,31/03/2012,30/06/2012,30/09/2012,31/12/2012,31/03/2013,30/06/2013,30/09/2013,31/12/2013,31/03/2014,30/06/2014,30/09/2014,31/12/2014,31/03/2015,30/06/2015,30/09/2015,31/12/2015,31/03/2016,30/06/2016,30/09/2016,31/12/2016,31/03/2017,30/06/2017,30/09/2017,31/12/2017,31/03/2018,30/06/2018,30/09/2018,31/12/2018,31/03/2019,30/06/2019
LPA Lucro por Acao $,0.000000001201868502,0.0000000004063043858,0.00000001509982011,,,,0.00000007703599244,0.0000001051161494,0.0000008391180632,0.000001923638889,0.000004013684455,0.00000827169792,0.00001461875683,0.00001775423121,-0.00001072576518,-0.00003402861557,-0.0001479983097,-0.0002418559479,0.0001646519581,0.0003157822505,0.00108732296,0.00356876623,0.009188867436,0.02532338158,0.0673155497,0.1321703735,0.1379947049,0.1432820685,0.1457091339,0.06261980826,0.0693288753,0.0669012177,0.09531110547,0.09478545203,0.07645434336,0.07562005406,0.07058266855,0.1483617008,0.176413455,0.1890541633,0.2048455825,0.1188298858,0.1648947616,-0.03028105253,-0.01137298912,0.01357869392,0.2038713435,0.6427565336,0.841259262,1.058431609,1.169244564,1.202485994,1.330977858,1.306969107,1.184726555,1.009318514,0.9695688673,1.118627797,1.128316671,1.639706251,1.671096129,1.907867058,1.999671299,1.829011363,1.953972062,1.940112424,2.023889163,2.144751257,2.180920429,2.225447043,2.67319532,2.879121152,3.152805694,3.281928475,2.970795394,2.676873529,2.648401753,2.518458924,2.510656507,2.785888337,2.958448046,3.605880893,4.156511637,4.089238229,4.03496049,3.527546832,3.340912251,3.515349081,3.554946641,3.710348588,3.528974806,3.477746345,3.39234895,2.961143852,2.537522068,2.401139576,1.459229973,1.395654658,1.601817609,1.491706119,2.069901584,1.906975102,1.794439908,1.620691699,1.526693747,0.8581824198,-1.662923454,-1.665453256,-2.003450191,-1.880793104,-2.670551473,-3.174672109,-3.187014478,-4.160528462,-1.136417909,-0.6998353405,-0.7039750172,0.5780981819,-0.03419066293,0.1583809633,0.9062825497,1.395224362,1.976235772,1.751629769,2.42580132
VPA Valor Patr por Acao$,0.000000005245125519,0.00000002354536928,0.0000002337768212,0.0000003760797159,0.0000005781526525,0.00000138885202,0.000004108558641,0.00001607756339,0.00001926383859,0.00002726655799,0.00004220450017,0.00007183932136,0.00009475535722,0.0001440941331,0.00052590379,0.001023573738,0.001842345974,0.00334714378,0.006547458829,0.01355004041,0.02934482586,0.06925048171,0.1742359557,0.4876727074,1.416143619,1.700345314,1.840764178,1.93089596,2.066342578,2.177052731,2.277005861,2.276631584,2.30281059,2.323265351,2.302791715,2.311292742,2.332175409,2.425526038,2.429635451,2.450657031,2.489774829,2.484942534,2.512882076,2.333849512,2.389645959,1.87428594,2.032305555,2.297094747,2.55128618,2.80674284,2.907051719,3.205555016,3.47223712,3.701726538,3.419397682,3.542730369,3.885619839,4.141238546,4.231953156,5.148754642,5.521907814,5.763388957,5.87298069,6.335138294,6.836057095,7.064172993,7.324602066,7.908015842,8.193694268,8.840984535,9.199779898,10.04448546,10.85384832,11.12991374,11.32681481,11.82103437,12.45603594,12.86710544,13.2221598,13.99161131,14.94285073,16.23675918,16.417813,17.14032338,17.65089327,18.19109819,18.67764207,19.48564248,20.2397555,23.17585105,23.55909285,24.16366817,24.7690489,25.19988329,25.33440439,25.81500176,25.85249565,26.2828451,26.32831645,25.73777249,25.95188469,26.18292894,26.68863437,27.18852854,27.66308275,26.17624888,23.67649745,23.2862946,23.55169387,22.18859203,19.52785148,20.13615397,20.80532504,19.89612938,19.18280176,19.76465631,19.82713477,20.06700603,20.2372694,20.8488683,21.62896737,22.25957812,21.25273905,21.66932264,23.27616693
Vendas por Acao $,0.000000006966823734,0.00000003310030107,0.0000003365047598,,,,0.000004872693423,0.00001948461014,0.00002403442216,0.00003517372977,0.00006570039711,0.0001127502634,0.0001423415688,0.0002111901283,0.0003913169014,0.0008016442403,0.001492472185,0.003017399481,0.00603709884,0.01233290752,0.0270351707,0.06241047364,0.1585493799,0.4497701567,1.323442841,1.512659035,1.593099553,1.636401799,1.683768388,1.701122358,1.753003481,1.756436847,1.812462101,1.887258443,1.941763934,1.974919135,1.974633826,1.94660509,1.918420637,1.891666871,1.897725567,1.865138336,1.821793618,1.834656336,2.028061141,2.435122264,3.09378968,3.6949595,4.239063888,4.690136889,5.136208776,5.411257927,5.636021274,5.819385851,5.650115804,5.39166979,5.46246377,5.762044081,6.481930483,7.800415593,8.385428769,8.732175879,8.771665541,8.452378132,8.708712184,9.282387143,9.755069478,10.25304323,10.879743,11.35998912,12.06325339,12.69535643,12.9617071,13.47205189,13.64596279,13.6175434,13.8886505,13.95515585,14.44790323,15.12492518,16.35140293,17.80463652,18.43037444,18.05010807,17.14979583,15.93676736,15.27612184,16.0146689,16.61039635,17.0731174,15.7617895,14.53677198,13.83358398,13.33834005,14.09185966,14.93617615,15.44026527,16.02110139,16.66186968,17.10751277,17.50690579,17.90037761,18.19959727,18.71522896,19.35221695,19.96200459,20.66526597,20.30549741,20.15961213,19.77791862,19.24359405,18.95941291,18.29599138,17.70102783,17.10046773,17.01200131,17.01238461,17.04741854,17.47587508,17.61164114,18.36452567,20.40707281,21.54924161,22.19070905,22.63754142
EBITDA por Acao $,0.000000001834620178,0.000000003014507934,0.00000002464684275,,,,0.0000003717074394,,,,0.00001309378939,,,,0.00004951434245,,,,0.0007422047591,,,,0.03881385833,,,,0.1276089127,,,,0.2331160083,,,,0.2700140602,,,,0.4127275913,,,,0.3424537099,,,,0.7038721077,,,,1.929712568,,,,1.724358119,,,,1.746820977,,,,3.172094199,,,,3.434446184,,,,4.211809121,,,,4.761565475,4.336395795,4.222276258,4.103417158,4.128466063,4.52516755,4.862115509,6.022700738,7.037217594,6.982026256,6.748320165,5.902349604,5.37446644,5.594753681,5.794809391,5.964462475,5.336197704,4.986940052,4.652856376,4.135737243,3.747907413,3.686719082,2.94157015,2.875171346,2.865272153,2.826353059,3.54384895,3.465108084,3.707711152,3.554837262,3.410682834,2.651603124,-0.3060294314,0.2672556864,0.3765572563,1.291809106,0.8695621011,0.5669057337,0.7349459458,-0.3495727039,3.615624274,4.006593738,4.368432144,5.591859924,4.533559247,4.7923657,5.06205797,5.895666196,6.825867301,7.246928326,9.659354873
Divida Total Liquida $,12.22689745,75.90494327,507.3036364,1065.384,1399.264364,4001.325455,11822.20655,49995.39927,65015.79891,83656.03455,151994.1662,255927.7069,315531.3018,546040.1211,1395323.273,2803639.881,5033937.792,8486931.847,16255989.46,30189433.78,73521523.92,159157548.7,370667272.7,1019501711,2895285000,2246347000,2676869000,3087739000,4099912000,4055869000,4654230000,5079387000,5107413000,6123494000,6931484000,7195388000,7369953000,7776209000,8500776000,8339500000,8460479000,9203856000,8331300000,11479028000,12045267000,11579478000,10032516000,9167390000,7993001000,4915389000,2394941000,170592000,815229000,-743438000,-7458732000,-2677563000,-1129117000,1666027000,4074580000,-44544000,-2132990000,-5771846000,-8968671000,-5706863000,-3793403000,-2386564000,-1680930000,-159175000,-2587650000,-7044339000,-9416962000,-10380557000,-8778394000,-10495392000,-13725224000,-7038111000,-5541059000,-1732421000,-2287443000,-8307483000,-8593481000,1059287000,2694406000,-792772000,8463105000,2937464000,12328837000,17895190000,22379826000,-2433445000,2335400000,-4757467000,2495390000,9377825000,12529564000,-3684016000,16853464000,17842574000,43720281000,48012744000,23528721000,31950958000,72908471000,137786090000,147113000000,165932000000,185329000000,219320000000,218757000000,274451000000,277999000000,262502000000,243794000000,237239000000,265791000000,254936000000,250986000000,251950000000,268650000000,257215000000,286797000000,311805000000,319267000000,526146000000,524355000000
Divida Total Bruta $,15.62159127,88.08847709,637.208,1103.141818,1449.616,4136.324727,13156.87273,52798.62073,67845.07818,87829.36364,185098.068,257656.5411,352174.5156,606319.6069,1492350.909,2927619.235,5315086.703,9633073.162,17479341.82,33542972.82,84926443.84,201977539.3,520877454.5,1331175503,3830213000,3531671000,3810800000,4063188000,4452847000,4660964000,5157995000,5391405000,6135890000,6907244000,8119268000,7984194000,8288528000,9263331000,9605595000,9509634000,9496243000,9888615000,9185341000,11590562000,12812978000,15070243000,14214635000,14774383000,14199890000,13336450000,12568686000,11413219000,9817319000,10071475000,7647590000,6866891000,7859843000,11406443000,11995955000,11729884000,10605524000,10250120000,11254708000,11417056000,11802739000,10750717000,9899358000,9860431000,8907406000,8102157000,8064593000,7517537000,7486048000,7056087000,6373668000,6100863000,5845489000,5457937000,5560506000,6780591000,8764514000,8829227000,13962720000,14384042000,14081616000,23876731000,29126950000,35417328000,40221664000,37490473000,56061121000,55959342000,54628482000,59043111000,55011715000,54240853000,56063329000,58793007000,84491750000,83513366000,88209159000,85132531000,103577900000,171608231000,171661000000,191552000000,205895000000,236038000000,237127000000,293404000000,305346000000,279204000000,256007000000,252010000000,274545000000,264987000000,255249000000,258814000000,273486000000,268068000000,297912000000,319844000000,329575000000,533432000000,530909000000
Divida Bruta / Atv Tt %,21.0,24.4,18.2,19.8,17.7,21.1,22.0,22.3,23.3,20.9,25.9,23.7,24.4,26.1,21.6,21.8,21.5,21.1,19.5,18.3,21.1,21.3,21.8,20.1,19.8,15.9,16.0,16.4,16.9,16.5,17.3,17.7,19.5,21.4,24.2,23.8,24.6,25.8,26.6,25.7,25.1,25.5,23.6,27.8,29.0,27.5,25.9,25.7,24.2,21.8,19.3,17.4,14.7,14.1,10.6,10.1,10.0,11.6,12.0,10.7,10.0,9.2,9.4,9.6,9.1,8.0,7.2,7.0,6.4,5.5,5.2,4.8,4.6,4.1,3.5,3.4,3.1,2.8,2.6,2.9,3.5,3.2,4.5,4.5,4.3,7.4,9.2,10.6,11.7,8.2,12.0,11.8,11.5,12.0,11.1,10.4,10.8,11.0,15.0,14.3,14.0,13.3,16.4,26.2,26.2,28.8,32.4,35.9,35.4,41.5,43.7,41.3,38.8,39.0,40.3,39.2,37.8,37.5,37.8,36.4,38.5,39.2,39.2,51.1,48.8
Divida Bruta / Pat Liq %,34.7,43.6,31.7,34.2,29.2,34.7,37.3,38.2,41.0,37.5,51.1,41.8,43.3,49.0,33.0,33.3,33.6,33.5,31.1,28.8,33.7,34.0,34.8,31.4,31.1,23.9,23.8,24.2,24.8,24.6,26.1,27.3,30.7,34.2,40.6,39.8,40.9,44.0,45.5,44.7,43.9,45.8,42.1,57.2,61.7,92.5,80.5,74.0,64.1,54.7,49.8,41.0,32.5,31.3,25.7,22.3,23.3,31.7,32.6,26.0,21.9,20.3,21.8,20.5,19.7,17.3,15.4,14.2,12.4,10.4,10.0,8.5,7.9,7.2,6.4,5.9,5.3,4.8,4.8,5.5,6.7,6.2,9.7,9.6,9.1,15.0,17.8,20.7,22.6,12.6,18.2,17.8,16.9,18.0,16.6,16.1,16.6,17.1,24.6,24.9,26.1,24.9,29.8,48.4,47.6,56.1,66.7,77.7,77.2,101.4,119.9,106.3,94.3,97.1,109.7,102.8,98.7,98.9,103.6,98.6,105.6,110.2,118.9,188.7,174.9
Divida Liq / Pat Liq %,27.1,37.5,25.3,33.0,28.2,33.5,33.5,36.2,39.3,35.7,41.9,41.5,38.8,44.1,30.9,31.9,31.8,29.5,28.9,25.9,29.2,26.8,24.8,24.1,23.5,15.2,16.7,18.4,22.8,21.4,23.5,25.7,25.5,30.3,34.6,35.8,36.4,36.9,40.3,39.2,39.1,42.6,38.2,56.6,58.0,71.1,56.8,45.9,36.1,20.2,9.5,0.6,2.7,-2.3,-25.1,-8.7,-3.3,4.6,11.1,-0.1,-4.4,-11.4,-17.4,-10.3,-6.3,-3.9,-2.6,-0.2,-3.6,-9.1,-11.7,-11.8,-9.2,-10.7,-13.8,-6.8,-5.1,-1.5,-2.0,-6.8,-6.6,0.7,1.9,-0.5,5.5,1.8,7.5,10.5,12.6,-0.8,0.8,-1.5,0.8,2.9,3.8,-1.1,5.0,5.2,12.7,14.3,7.0,9.4,20.9,38.9,40.8,48.6,60.0,72.2,71.2,94.8,109.1,99.9,89.8,91.4,106.2,98.9,97.0,96.3,101.8,94.6,101.7,107.4,115.2,186.1,172.7
Estr Cap (D/D+Pat Liq) %,25.8,30.3,24.1,25.5,22.6,25.8,27.2,27.7,29.1,27.3,33.8,29.5,30.2,32.9,24.8,25.0,25.1,25.1,23.7,22.4,25.2,25.4,25.8,23.9,23.7,19.3,19.2,19.5,19.9,19.8,20.7,21.4,23.5,25.5,28.9,28.4,29.0,30.5,31.3,30.9,30.5,31.4,29.6,36.4,38.2,48.1,44.6,42.5,39.0,35.4,33.2,29.1,24.6,23.8,20.5,18.2,18.9,24.1,24.6,20.6,18.0,16.9,17.9,17.0,16.4,14.8,13.3,12.4,11.0,9.5,9.1,7.9,7.3,6.7,6.0,5.6,5.1,4.6,4.6,5.2,6.3,5.8,8.8,8.7,8.3,13.0,15.1,17.2,18.5,11.2,15.4,15.1,14.5,15.2,14.3,13.9,14.3,14.6,19.7,19.9,20.7,20.0,22.9,32.6,32.2,35.9,40.0,43.7,43.6,50.3,54.5,51.5,48.5,49.3,52.3,50.7,49.7,49.7,50.9,49.6,51.4,52.4,54.3,65.4,63.6
EBIT / Divida Bruta %,86.8,14.5,25.8,,,,8.6,13.0,27.3,40.7,48.9,53.9,54.2,37.3,5.5,2.4,-13.5,-10.9,11.6,13.5,26.1,31.9,42.5,47.8,36.4,27.5,-1.2,-0.8,-6.3,2.3,14.5,16.4,16.9,16.7,11.7,10.7,14.2,20.8,22.3,23.8,25.7,18.3,16.6,-9.2,-5.9,-3.1,21.8,60.6,80.6,106.5,114.0,122.0,146.5,131.5,169.7,163.7,139.5,105.3,97.9,157.0,195.4,228.9,221.7,202.4,197.1,222.1,265.9,279.7,318.5,378.6,411.3,480.0,530.0,552.9,578.2,537.7,540.6,559.4,546.8,495.6,415.7,523.6,383.5,364.7,351.8,172.7,126.5,109.1,99.9,111.8,75.2,77.9,81.7,71.6,65.4,63.4,42.5,37.3,25.6,23.8,31.6,29.9,26.0,14.2,12.7,6.6,-12.9,-8.6,-8.3,-3.2,-5.5,-8.5,-9.4,-16.5,3.6,6.2,8.7,15.4,9.9,11.2,11.1,13.8,16.9,10.3,14.9
EBIT / Divida Liquida %,110.8,16.8,32.4,,,,9.6,13.7,28.5,42.7,59.5,54.2,60.5,41.4,5.9,2.5,-14.3,-12.3,12.5,15.0,30.2,40.5,59.8,62.5,48.1,43.3,-1.7,-1.0,-6.9,2.7,16.0,17.4,20.3,18.9,13.7,11.9,15.9,24.8,25.2,27.1,28.9,19.7,18.3,-9.2,-6.3,-4.0,31.0,97.7,143.2,289.0,598.1,"8,160.4","1,763.8","-1,781.9",-174.0,-419.8,-970.8,720.7,288.3,"-41,355.6",-971.7,-406.6,-278.3,-405.0,-613.2,"-1,000.5","-1,566.1","-17,329.2","-1,096.3",-435.4,-352.3,-347.6,-452.0,-371.7,-268.5,-466.1,-570.2,"-1,762.4","-1,329.2",-404.5,-424.0,"4,364.5","1,987.5","-6,617.5",585.3,"1,403.6",298.8,215.9,179.6,"-1,721.9","1,805.5",-916.7,"1,789.1",450.9,287.2,-934.2,141.4,122.8,49.5,41.4,118.5,79.6,36.9,17.7,14.8,7.6,-14.3,-9.2,-9.0,-3.4,-6.0,-9.1,-9.9,-17.6,3.8,6.4,8.9,15.9,10.0,11.7,11.5,14.2,17.5,10.5,15.1
EBIT / Desp Fin Brut x,4.1,1.0,3.0,,,,0.5,0.5,0.6,1.0,0.8,0.8,1.1,0.8,0.2,0.1,-0.5,-0.7,3.1,3.0,1.5,1.0,1.0,1.1,1.3,-1.0,-0.1,-0.1,-0.7,0.0,3.1,3.5,3.2,2.6,1.4,1.5,1.6,2.5,2.6,2.6,2.6,1.5,4.0,-2.3,-1.5,-0.6,1.7,4.6,5.6,7.7,8.5,8.7,9.5,9.7,9.7,8.9,9.5,9.7,7.5,10.6,10.3,11.2,12.6,11.2,11.2,10.9,11.7,12.0,12.0,13.1,14.8,16.8,19.2,17.9,16.6,14.1,12.3,11.5,10.2,10.1,9.0,10.1,7.6,6.6,5.8,4.3,5.3,6.3,8.3,13.1,14.2,21.6,36.3,48.1,80.9,25.8,4.4,3.8,4.1,4.3,13.2,9.0,4.6,3.4,3.7,2.2,-3.8,-1.6,-1.1,-0.4,-0.6,-0.8,-0.7,-1.4,0.4,0.6,0.9,1.6,1.1,1.3,1.5,1.9,2.3,1.9,2.3
EBIT / Desp Fin Liq x,-5.7,-1.4,-4.8,,,,-2.4,-1.2,-1.6,-2.0,-1.6,-2.2,-3.2,-3.2,-0.5,-0.2,1.2,0.9,3.8,7.0,-3.0,-3.2,-1.7,-1.6,-1.9,3.4,0.0,0.0,-0.2,0.2,-6.0,-3.1,-6.2,-4.2,-3.8,-5.3,-2.2,-3.2,-3.9,-4.1,-4.3,-2.5,-132.8,313.5,314.2,4.6,-3.1,-9.1,-13.5,-32.5,-347.7,30.8,18.2,8.6,11.8,10.6,7.5,9.4,7.1,10.7,44.3,127.7,80.1,-163.2,23.8,69.4,-25.8,-27.4,-14.0,-15.9,262.4,"-5,825.1",52.9,28.9,45.4,23.8,22.3,19.9,18.1,19.5,24.2,48.6,-50.6,-33.5,-25.3,-16.9,-56.8,-56.7,-148.7,80.8,25.8,12.3,8.5,7.8,6.4,8.2,-107.2,-579.0,12.8,8.0,8.3,8.6,-13.0,-8.6,-23.3,-5.8,7.1,2.1,1.4,0.4,0.6,0.9,0.8,1.6,-0.4,-0.7,-1.0,-1.8,-1.2,-1.4,-1.9,-2.5,-3.0,-2.4,-2.7
Divida Bruta / Ebitda x,1.0,3.4,3.0,,,,4.1,,,,1.6,,,,3.5,,,,2.7,,,,1.6,,,,3.4,,,,2.5,,,,3.5,,,,2.7,,,,3.1,,,,2.3,,,,0.7,,,,0.5,,,,0.8,,,,0.4,,,,0.3,,,,0.2,,,,0.2,0.2,0.2,0.2,0.2,0.2,0.2,0.2,0.2,0.2,0.2,0.5,0.6,0.7,0.8,0.7,1.1,1.0,1.0,1.1,1.1,1.1,1.5,1.6,2.3,2.3,1.9,1.9,2.1,3.7,3.9,5.5,-51.6,67.7,48.3,17.4,26.9,37.8,26.7,-55.3,5.8,5.1,4.5,3.5,4.6,4.3,4.5,4.2,3.7,5.6,4.2
Divida liq / Ebitda x,0.8,2.9,2.4,,,,3.7,,,,1.4,,,,3.3,,,,2.6,,,,1.1,,,,2.4,,,,2.3,,,,3.0,,,,2.4,,,,2.8,,,,1.6,,,,0.1,,,,-0.5,,,,0.3,,,,-0.3,,,,-0.1,,,,-0.3,,,,-0.3,-0.2,-0.1,0.0,-0.1,-0.2,-0.2,0.0,0.0,0.0,0.1,0.1,0.3,0.4,0.4,0.0,0.0,-0.1,0.0,0.2,0.3,-0.1,0.4,0.5,1.2,1.3,0.5,0.7,1.5,3.0,3.3,4.8,,62.9,44.5,16.3,24.5,35.5,25.4,,5.6,4.9,4.4,3.5,4.5,4.1,4.3,4.1,3.6,5.6,4.2
Divida CP / Divida Tt %,45.5,55.8,56.7,66.6,61.6,71.3,67.7,69.1,68.2,65.4,70.7,72.3,73.6,63.3,68.7,71.0,71.4,75.3,74.3,69.9,65.9,71.7,64.0,62.1,60.1,60.1,62.5,62.1,64.2,69.5,72.1,78.3,76.2,77.3,68.6,72.2,74.1,70.0,71.0,68.2,63.2,62.5,50.1,44.8,51.1,54.2,55.0,59.5,53.4,49.4,48.0,41.8,34.1,27.0,20.1,18.3,12.8,21.8,18.9,19.9,18.8,10.7,13.6,16.5,16.4,15.9,13.2,13.4,14.0,14.2,20.5,20.9,22.2,20.4,20.1,21.0,21.9,19.5,13.5,11.2,32.5,37.0,17.9,23.9,19.3,7.5,10.7,25.0,24.4,22.0,8.3,9.6,7.7,9.6,8.2,8.7,10.9,7.1,9.7,8.0,2.7,4.4,3.8,25.7,21.2,28.2,24.4,22.3,24.9,20.9,17.8,18.8,22.8,25.5,23.0,24.1,22.8,23.3,27.8,25.4,31.7,40.2,32.3,34.0,39.5
Exigivel Tt / Ativo Tt %,39.4,44.0,42.7,42.0,39.5,39.2,41.1,41.7,43.2,44.4,49.2,43.3,43.7,46.8,34.6,34.5,36.1,37.2,37.4,36.6,37.5,37.3,37.5,36.1,36.4,33.4,32.7,32.4,32.0,32.9,33.6,34.9,36.3,37.4,40.4,40.2,40.0,41.2,41.6,42.4,42.8,44.3,43.8,51.4,53.0,70.3,67.8,65.3,62.2,60.1,61.2,57.5,54.7,54.9,58.7,54.9,56.9,63.3,63.2,58.9,54.2,54.8,57.0,53.4,53.9,54.1,53.3,50.7,48.4,47.3,47.6,44.3,41.5,43.5,44.7,42.6,42.8,42.8,45.1,46.9,47.4,47.7,53.7,53.2,52.3,50.8,48.0,49.0,48.5,34.7,34.1,33.4,32.1,33.0,33.1,35.6,34.8,35.6,39.2,42.4,46.1,46.5,45.0,45.9,45.0,48.6,51.5,53.8,54.2,59.1,63.5,61.1,58.9,59.8,63.3,61.9,61.7,62.1,63.5,63.1,63.6,64.4,67.0,72.9,72.1
Exigivel Tt / Pat Liq %,65.0,78.6,74.5,72.3,65.4,64.5,69.8,71.4,75.9,79.8,96.9,76.4,77.7,87.8,52.8,52.7,56.5,59.2,59.6,57.8,60.0,59.5,59.9,56.4,57.3,50.1,48.7,47.9,47.0,49.1,50.5,53.6,56.9,59.8,67.7,67.1,66.5,70.2,71.3,73.5,74.8,79.4,77.9,105.8,112.9,237.0,210.8,187.8,164.4,150.4,157.4,135.2,120.9,121.9,141.9,121.9,132.3,172.7,171.8,143.3,118.2,121.1,132.6,114.7,117.2,118.0,114.2,102.9,93.7,89.6,90.8,79.5,70.8,77.1,80.7,74.2,74.8,74.7,82.1,88.5,90.1,91.3,115.9,113.5,109.8,103.3,92.4,96.1,94.0,53.1,51.8,50.1,47.3,49.3,49.5,55.3,53.3,55.4,64.5,73.6,85.6,87.1,81.9,84.7,81.9,94.6,106.1,116.5,118.2,144.2,174.3,157.2,143.3,148.9,172.6,162.2,161.0,163.7,174.2,171.1,174.4,180.7,202.9,269.3,258.2
Exigivel Tt / Receita %,49.0,55.9,51.7,,,,58.9,58.9,60.9,61.8,62.2,48.7,51.7,59.9,71.0,67.3,69.7,65.7,64.7,63.5,65.1,66.0,65.8,61.9,61.8,56.6,56.4,56.5,57.7,62.8,65.7,69.5,72.3,73.6,80.3,78.6,78.6,87.5,90.3,95.3,98.1,105.8,107.4,134.6,133.0,182.4,138.5,116.8,99.0,90.0,89.1,80.1,74.5,77.6,85.9,80.1,94.1,124.1,112.2,95.3,78.3,80.2,88.9,86.0,92.0,89.8,85.8,79.3,70.6,69.7,69.3,62.9,59.3,63.7,67.0,64.4,67.1,68.9,75.1,81.9,82.4,83.3,103.2,107.7,113.1,117.9,113.0,116.9,114.5,104.7,101.8,99.0,91.8,93.1,89.1,95.7,89.3,90.8,101.9,110.8,126.9,127.4,120.1,123.0,117.1,124.0,121.5,133.6,138.1,161.8,176.8,166.9,162.9,167.3,193.6,188.4,187.6,192.7,201.7,202.6,205.4,197.1,200.1,263.0,265.5
Ativo Fixo / Pat Liq %,57.8,64.2,63.0,60.9,63.7,61.4,63.0,62.9,61.6,60.8,62.2,60.4,55.7,58.2,64.0,63.1,63.1,64.1,61.0,59.6,58.4,57.0,59.4,59.2,58.6,55.6,55.4,55.1,55.8,56.1,56.9,59.2,59.1,58.9,60.5,60.8,60.7,59.8,59.9,61.1,61.8,62.3,60.4,65.6,63.7,96.8,86.5,77.1,70.7,66.3,65.4,58.1,55.9,53.7,62.9,61.5,58.4,57.9,61.1,61.5,62.4,63.3,67.6,65.2,63.8,64.9,66.3,63.6,64.0,61.3,62.9,61.1,59.0,60.1,59.0,59.3,59.7,61.8,66.6,66.5,66.3,65.3,82.8,83.6,85.7,88.5,90.6,92.1,96.2,59.7,61.8,63.6,65.3,66.9,68.8,70.1,72.3,75.2,81.5,86.3,89.0,91.3,115.6,116.9,119.1,132.0,141.5,146.8,146.6,157.5,173.7,168.7,162.3,163.7,169.8,164.6,163.9,161.3,165.0,162.3,156.7,158.6,174.4,241.6,223.2
Investimentos / Pat Lq %,43.9,48.2,53.2,53.4,53.7,56.5,57.6,56.1,53.6,52.1,49.6,48.2,44.5,45.5,34.6,34.7,35.1,32.7,32.5,32.5,37.1,36.4,32.7,32.1,32.4,30.1,29.8,30.0,30.8,30.6,31.7,32.7,32.7,32.9,33.2,33.7,33.9,36.3,37.2,38.1,38.7,39.2,38.6,43.4,43.5,54.4,49.0,44.6,41.0,38.2,38.4,39.3,28.6,28.9,28.6,27.8,27.7,31.2,28.7,25.4,23.6,23.9,22.9,22.2,22.2,21.7,21.9,21.9,25.6,23.8,25.2,23.6,23.7,23.3,22.9,22.3,22.0,21.1,22.5,22.8,21.9,20.7,19.7,20.5,21.3,21.9,21.6,23.3,24.9,16.3,16.6,16.2,16.7,17.1,17.3,18.4,19.6,21.9,22.9,24.1,26.3,26.6,24.0,,,,,,,,,,,,,,,,,,,,,,
Liquidez Geral x,1.0,0.8,0.8,0.8,0.7,0.7,0.7,0.7,0.8,0.8,0.9,0.9,1.0,0.9,1.0,1.0,1.0,1.0,1.1,1.1,1.0,1.1,1.1,1.1,1.1,1.2,1.3,1.3,1.2,1.2,1.2,1.1,1.1,1.1,1.1,1.0,1.0,1.0,1.0,1.0,1.0,0.9,1.0,0.9,0.9,0.8,0.8,0.9,0.9,1.0,1.0,1.0,1.1,1.1,1.1,1.1,1.1,1.1,1.1,1.1,1.1,1.1,1.1,1.1,1.1,1.1,1.1,1.1,1.1,1.2,1.1,1.2,1.2,1.2,1.2,1.2,1.2,1.2,1.1,1.1,1.1,1.1,1.0,0.9,0.9,0.9,0.8,0.8,0.8,1.0,0.9,0.9,0.9,0.8,0.8,0.8,0.7,0.6,0.6,0.5,0.6,0.5,0.4,0.4,0.4,0.3,0.3,0.3,0.3,0.3,0.3,0.3,0.3,0.3,0.3,0.3,0.3,0.3,0.3,0.3,0.3,0.3,0.3,0.2,0.3
Liquidez Corrente x,1.3,1.0,0.9,0.9,0.8,0.8,0.8,0.8,0.9,1.0,1.0,0.9,1.1,1.2,1.3,1.3,1.2,1.1,0.6,0.7,0.8,0.8,1.0,0.9,1.0,1.1,1.1,1.1,1.0,0.9,0.8,0.7,0.6,0.6,0.6,0.6,0.6,0.6,0.6,0.6,0.6,0.5,0.6,0.4,0.4,0.6,0.6,0.7,0.8,1.0,0.9,1.1,1.0,1.1,1.1,1.1,1.0,0.8,0.8,0.8,0.9,0.9,0.9,1.0,0.9,0.8,0.7,0.8,0.8,0.9,0.9,1.1,1.1,1.0,1.0,0.9,0.8,0.7,0.7,0.7,0.7,0.6,0.5,0.5,0.5,0.6,0.7,0.7,0.8,1.4,1.5,1.8,1.9,1.8,1.7,1.8,1.7,1.7,1.4,1.3,1.8,1.2,0.9,1.0,1.0,0.7,0.8,0.7,0.7,0.7,0.8,0.7,0.6,0.7,0.7,0.7,0.7,0.7,0.6,0.6,0.6,0.5,0.5,0.4,0.6
Liquidez Seca x,0.6,0.5,0.5,0.6,0.5,0.6,0.6,0.6,0.6,0.7,0.8,0.6,0.8,0.9,1.0,1.0,1.0,0.9,0.4,0.4,0.5,0.5,0.6,0.6,0.6,0.7,0.6,0.7,0.6,0.5,0.4,0.4,0.3,0.3,0.3,0.3,0.3,0.3,0.3,0.3,0.3,0.2,0.4,0.2,0.2,0.3,0.4,0.4,0.5,0.7,0.7,0.8,0.7,0.8,0.8,0.8,0.7,0.5,0.5,0.5,0.6,0.7,0.7,0.7,0.6,0.5,0.5,0.5,0.6,0.7,0.7,0.8,0.7,0.7,0.7,0.7,0.5,0.5,0.5,0.5,0.5,0.4,0.3,0.3,0.4,0.5,0.5,0.5,0.6,1.1,1.3,1.5,1.5,1.4,1.3,1.4,1.2,1.2,1.0,1.0,1.4,0.9,0.6,0.7,0.6,0.5,0.5,0.5,0.4,0.4,0.6,0.5,0.4,0.4,0.5,0.5,0.4,0.5,0.4,0.4,0.4,0.3,0.4,0.3,0.5
Capital de Giro $,5.359382182,-3.216907273,-141.3363636,-268.1741818,-469.168,-1360.401091,-3896.094182,-12855.42109,-10114.468,-3637.381091,2033.657455,-27434.45527,69497.74764,157937.4084,523516.7273,1048017.029,1690005.177,1942810.588,-9046441.091,-16655409.61,-23813941.96,-51892714.55,-29124363.64,-102014157.5,-172333000,492895000,427196000,611340000,-14029000,-413346000,-1501655000,-2734304000,-3138250000,-3618174000,-3647472000,-3818819000,-3923008000,-3645511000,-4118039000,-4072462000,-4790090000,-5743463000,-3628145000,-7299586000,-8266517000,-8586611000,-7407106000,-7116777000,-4694920000,-685050000,-1709202000,1287624000,781483000,2528110000,1929022000,1675598000,-393212000,-8806043000,-10593604000,-9461188000,-4490318000,-2729669000,-4295051000,-858553000,-4730141000,-10908163000,-12494079999,-10972178000,-7005991000,-3550871000,-3000949000,2369863000,3544681000,-40400000,-1353231000,-3641774000,-11164521000,-14886553000,-20231763000,-20638123000,-21504307000,-35357740000,-60441988000,-62016652000,-52029792000,-34648285000,-23038237000,-23913728000,-18135288000,25808093000,32816701000,48821348000,48614162000,44825780000,41106640000,50198841000,36976240000,37909423000,28202674000,24052079000,53558884000,21584415000,-14569406000,-4710440000,442000000,-26727000000,-23119000000,-26874000000,-36928000000,-37814000000,-22794000000,-27010000000,-35588000000,-36903000000,-32167000000,-30450000000,-35549000000,-31222000000,-50436000000,-52399000000,-70850000000,-104968000000,-89013000000,-151662000000,-125075000000
Capital Employed $,61.77078982,291.1454829,2724.545091,4440.358909,6616.913091,16406.45746,49789.19564,196658.7331,238298.0076,328211.5102,560333.9687,885620.3567,1187151.882,1879385.22,6119368.727,11901654.54,21497559.31,39813020.17,76986948,157372782,354225963.6,833493544.4,2130533818,5841447145,16892729000,19266892000,20805053000,22294910000,23909450000,25262373000,26463600000,26732094000,27868683000,29022257000,29911628000,30198295000,30577325000,32490632000,32710970000,32859614000,32869157000,33652773000,33366992000,34180735000,35872095000,43049500000,42855283000,45557000000,46917410000,48726455000,47980959000,49594952000,45964345000,48414562000,47643011000,48089854000,52158120000,59664213000,59639861000,67989353000,73091645000,75040696000,77813176000,82587994000,88279718000,89332971000,91008833000,96908520000,98127100000,103577228000,107973187000,115665111000,123587382000,126638126000,130096970000,134936995000,140553239000,145349922000,151595670000,160487565000,171177712000,182887579000,201818428000,210134362000,213271196000,228201138000,237307602000,259432295000,276222546000,395286261000,408868725000,418993230000,427101817000,438784895000,441779277000,463227741000,467830481000,479117178000,505152411000,519854597000,561775702000,547523710000,535024592000,599627529000,608734000000,613780000000,590875000000,610474000000,618519000000,652840000000,647880000000,631682000000,618367000000,601456000000,631806000000,631283000000,629817000000,642272000000,667521000000,670796000000,707369000000,738954000000,760482000000,971659000000,1004814000000
Prazo Med Estoques(dias),125.6,76.6,55.5,,,,39.4,38.9,57.4,73.8,68.6,61.3,68.8,65.1,64.0,57.3,55.1,47.6,60.9,63.9,69.1,69.5,82.1,77.1,67.3,74.0,73.7,70.6,69.9,67.4,72.2,64.2,66.7,71.0,69.6,68.5,70.0,75.6,81.7,92.7,90.3,81.4,81.0,93.1,93.1,112.5,86.5,79.6,78.1,83.0,81.0,80.5,88.9,92.9,75.7,82.6,96.2,120.8,106.2,110.0,77.2,76.2,74.4,86.7,94.2,91.1,85.6,78.6,73.2,76.0,64.7,75.5,83.5,76.8,71.0,66.0,69.6,73.6,65.4,73.8,77.2,77.7,51.2,55.3,61.3,72.5,76.6,67.8,62.7,64.3,56.9,65.9,66.9,66.3,65.0,62.6,58.5,57.5,53.4,54.3,51.8,54.3,53.0,53.7,54.3,46.0,42.3,47.1,51.0,52.3,49.5,50.1,52.4,53.4,55.0,54.9,55.0,52.4,53.4,55.1,70.2,68.0,58.3,54.9,56.7
Prazo Med Forneced(dias),42.3,23.6,22.3,,,,37.0,32.0,43.3,71.2,63.8,38.9,33.0,44.5,45.0,46.8,47.1,44.9,36.6,36.7,37.9,30.9,36.0,32.5,39.6,31.4,29.4,26.4,22.7,28.3,32.4,43.0,42.0,39.2,46.4,35.6,30.5,39.4,31.3,41.9,81.1,81.8,90.5,133.3,149.7,194.7,151.4,123.7,123.5,119.9,134.0,110.7,125.2,140.8,34.2,32.5,34.5,41.1,35.9,33.3,24.2,24.5,33.1,30.4,35.4,23.5,36.0,21.5,28.7,34.0,28.1,29.2,26.7,28.8,29.7,25.6,27.6,31.1,37.9,37.2,34.4,37.8,37.7,35.4,29.1,34.8,45.7,38.5,38.2,41.4,35.8,33.7,32.5,34.3,35.5,29.0,31.6,31.9,29.7,27.9,28.7,28.5,29.1,50.3,51.9,48.2,46.0,51.2,50.4,62.4,58.0,53.1,45.5,48.1,57.1,48.3,51.9,54.1,51.1,65.1,61.6,68.8,58.0,49.6,55.8
Prazo Med Recebim (dias),32.3,34.0,35.8,,,,39.2,46.3,56.2,58.0,44.6,34.4,39.1,41.7,45.4,50.0,51.9,44.5,49.9,35.0,41.8,51.5,16.9,41.4,46.7,44.1,24.8,23.7,24.6,24.5,31.0,31.9,22.7,21.2,21.2,20.7,20.9,20.6,24.5,22.7,22.3,25.5,36.8,17.5,20.1,18.2,14.5,11.8,10.3,14.6,14.7,10.6,12.5,13.4,10.7,13.9,15.0,12.7,14.2,10.9,8.5,7.5,8.4,29.5,38.9,33.7,25.8,26.3,29.1,30.2,14.4,28.4,24.9,26.2,31.2,30.5,26.2,29.4,34.2,34.2,43.2,53.2,38.7,30.8,30.2,36.3,34.5,41.6,39.3,39.5,31.3,33.9,32.4,32.6,34.2,28.9,23.5,20.7,23.3,25.9,21.3,19.4,19.5,26.8,27.3,20.9,23.7,25.4,24.7,27.3,29.9,23.8,25.3,25.3,50.1,40.5,42.2,52.1,54.1,41.7,50.5,53.2,47.0,48.6,109.7
Ciclo Financeiro (dias),115.6,87.1,69.0,,,,41.5,53.2,70.4,60.5,49.4,56.9,74.9,62.3,64.4,60.6,59.9,47.2,74.2,62.2,72.9,90.1,62.9,85.9,74.4,86.7,69.1,67.9,71.8,63.5,70.8,53.1,47.3,53.0,44.4,53.7,60.5,56.8,75.0,73.5,31.5,25.1,27.3,-22.7,-36.5,-64.0,-50.5,-32.2,-35.1,-22.2,-38.3,-19.6,-23.8,-34.5,52.3,64.0,76.7,92.4,84.4,87.6,61.4,59.2,49.6,85.8,97.7,101.3,75.3,83.3,73.6,72.1,51.1,74.7,81.6,74.1,72.5,70.9,68.2,71.9,61.7,70.8,86.0,93.1,52.2,50.6,62.4,74.0,65.3,70.9,63.9,62.4,52.4,66.2,66.8,64.6,63.6,62.5,50.4,46.3,47.0,52.3,44.4,45.1,43.3,30.2,29.6,18.7,20.1,21.3,25.4,17.2,21.4,20.7,32.2,30.6,48.1,47.1,45.3,50.4,56.3,31.7,59.0,52.5,47.4,54.0,110.6
Ciclo Operacional (dias),157.9,110.7,91.4,,,,78.5,85.2,113.7,131.7,113.2,95.8,108.0,106.7,109.4,107.3,107.0,92.1,110.8,98.9,110.9,121.0,99.0,118.5,114.0,118.1,98.5,94.3,94.5,91.9,103.2,96.1,89.4,92.2,90.8,89.3,91.0,96.2,106.2,115.4,112.6,106.9,117.8,110.5,113.2,130.7,100.9,91.5,88.4,97.6,95.7,91.1,101.4,106.3,86.5,96.5,111.2,133.5,120.4,120.9,85.6,83.7,82.7,116.2,133.1,124.8,111.4,104.8,102.3,106.2,79.1,103.9,108.4,103.0,102.2,96.5,95.8,103.0,99.6,108.1,120.4,130.9,89.9,86.0,91.5,108.8,111.1,109.4,102.0,103.7,88.2,99.8,99.3,98.9,99.1,91.5,82.0,78.2,76.7,80.2,73.1,73.7,72.4,80.5,81.5,66.9,66.0,72.5,75.8,79.6,79.4,73.9,77.7,78.8,105.2,95.3,97.3,104.5,107.5,96.8,120.7,121.3,105.4,103.6,166.4
EBITDA $,15.75495018,25.88733236,211.6567273,,,,3192.067273,,,,112443.9604,,,,425208.3636,,,,6373742.546,,,,333457090.9,,,,1105622000,,,,2025506000,,,,2346107000,,,,3586121000,,,,2975523000,,,,6115827000,,,,16766949000,,,,14982658000,,,,15177834000,,,,27799578000,,,,30128006000,,,,36947270000,,,,41773831000,38045657000,37046287000,36003694000,36223475000,39704164000,42660571000,52843634000,61745082000,61260829000,59210274000,51787664000,47155977000,49088794000,50844098000,52799623000,52979020000,54762659000,56047819000,53946482000,48889567000,48091396000,38371303000,37505164000,37376034000,36868354000,46227727000,45200592000,48365227000,46371064000,44490642000,34588829000,-3992000000,3486216000,4912000000,16851000000,11343000000,7395000000,9587000000,-4560000000,47164000000,52264000000,56984000000,72943000000,59138000000,62514000000,66032000000,76906000000,89040000000,94532000000,126000000000
LAIR + Desp Fin Liq $,13.55234836,12.76224255,164.1821818,,,,1135.309455,6858.925833,18519.17261,35721.06819,90430.57418,138800.2655,190891.6271,226048.4748,82028.36364,71170.36961,-718825.6309,-1046267.631,2034648.364,4536579.819,22203191.74,64515042.6,221603272.7,636679668.7,1393313979,971785493.6,-46057000,-31485348.99,-282020646.7,108126392,746808000,882285723.1,1035358116,1155885268,951409000,857805000,1175365000,1929995000,2139785000,2262420000,2441888000,1809529000,1065724000,-1521183000,-1220302000,-922509000,3105890000,8956899000,11446302000,14203832000,14324837000,13920973000,14378805000,13247283000,12981291000,11241457000,10961963000,12007364000,11748462000,18421436000,20727053000,23466905000,24956198000,23113823000,23260905920,23878014965,26325526000,27583758046,28367136000,30674098000,33173525000,36080921000,39677819000,39012489000,36851714000,32806274000,31597792000,30532694000,30404330000,33604603000,36433733000,46232411000,53550800000,52461599000,49537351000,41229820000,36840577000,38630212000,40192304000,41900897000,42166027000,43611120000,44645406000,42285324000,35987174000,34415401000,23838382000,21912134000,21637766000,19888956000,27890300000,25429716000,26891528000,24327494000,21808870000,12654079000,-26510000000,-20215000000,-19612000000,-9347000000,-16696000000,-23788000000,-24111000000,-41656000000,10014000000,16389000000,22311000000,39968000000,26979000000,29996000000,32941000000,44252000000,55715000000,55035000000,79234000000
Giro do Ativo x,0.8,0.8,0.8,,,,0.7,0.7,0.7,0.7,0.8,0.9,0.8,0.8,0.5,0.5,0.5,0.6,0.6,0.6,0.6,0.6,0.6,0.6,0.6,0.6,0.6,0.6,0.6,0.5,0.5,0.5,0.5,0.5,0.5,0.5,0.5,0.5,0.5,0.4,0.4,0.4,0.4,0.4,0.4,0.4,0.5,0.6,0.6,0.7,0.7,0.7,0.7,0.7,0.7,0.7,0.6,0.5,0.6,0.6,0.7,0.7,0.6,0.6,0.6,0.6,0.6,0.6,0.7,0.7,0.7,0.7,0.7,0.7,0.7,0.7,0.6,0.6,0.6,0.6,0.6,0.6,0.5,0.5,0.5,0.4,0.4,0.4,0.4,0.3,0.3,0.3,0.4,0.4,0.4,0.4,0.4,0.4,0.4,0.4,0.4,0.4,0.4,0.4,0.4,0.4,0.4,0.4,0.4,0.4,0.4,0.4,0.4,0.4,0.3,0.3,0.3,0.3,0.3,0.3,0.3,0.3,0.3,0.3,0.3
Giro do Pat Liq x,1.3,1.4,1.4,,,,1.2,1.2,1.2,1.3,1.6,1.6,1.5,1.5,0.7,0.8,0.8,0.9,0.9,0.9,0.9,0.9,0.9,0.9,0.9,0.9,0.9,0.8,0.8,0.8,0.8,0.8,0.8,0.8,0.8,0.9,0.8,0.8,0.8,0.8,0.8,0.8,0.7,0.8,0.8,1.3,1.5,1.6,1.7,1.7,1.8,1.7,1.6,1.6,1.7,1.5,1.4,1.4,1.5,1.5,1.5,1.5,1.5,1.3,1.3,1.3,1.3,1.3,1.3,1.3,1.3,1.3,1.2,1.2,1.2,1.2,1.1,1.1,1.1,1.1,1.1,1.1,1.1,1.1,1.0,0.9,0.8,0.8,0.8,0.5,0.5,0.5,0.5,0.5,0.6,0.6,0.6,0.6,0.6,0.7,0.7,0.7,0.7,0.7,0.7,0.8,0.9,0.9,0.9,0.9,1.0,0.9,0.9,0.9,0.9,0.9,0.9,0.8,0.9,0.8,0.8,0.9,1.0,1.0,1.0
Margem Bruta %,36.1,7.8,6.5,,,,13.2,16.8,24.7,29.8,32.9,32.3,32.2,29.1,21.0,19.3,14.5,16.9,21.9,19.9,27.3,26.2,31.6,32.1,25.1,26.2,17.0,18.3,16.9,14.2,18.4,18.7,18.9,19.4,18.1,16.9,18.2,19.6,20.2,22.3,22.7,21.8,23.2,25.1,27.9,30.2,34.7,37.2,39.5,41.8,42.4,42.5,42.2,41.0,39.7,37.9,38.1,38.5,37.5,42.1,42.7,44.3,47.2,46.0,45.9,44.6,43.2,43.4,43.5,44.7,45.7,46.6,47.7,46.3,45.0,43.9,43.6,44.5,44.4,43.6,42.6,40.8,39.8,40.1,40.7,42.0,43.2,42.9,40.9,39.6,38.6,37.7,36.7,35.3,32.4,30.2,26.9,24.4,22.8,21.5,22.1,21.5,21.3,20.9,20.5,20.7,22.8,25.0,27.0,29.1,30.4,30.0,30.1,31.2,31.1,32.5,32.6,31.1,31.5,32.1,34.0,35.5,35.7,34.9,34.8
Margem EBIT (Operac) %,22.7,4.5,5.7,,,,2.7,4.1,9.0,11.8,16.0,14.3,15.6,12.5,2.4,1.0,-5.6,-4.0,3.9,4.3,9.6,12.0,16.3,16.5,12.2,7.4,-0.3,-0.2,-1.9,0.7,4.9,5.8,6.6,7.0,5.6,5.0,6.9,11.4,12.8,13.8,14.8,11.2,9.6,-6.7,-4.3,-2.2,11.6,27.9,31.1,34.9,32.1,29.6,29.4,26.2,26.4,24.0,23.1,24.0,20.9,27.1,28.3,30.7,32.5,31.2,30.4,29.3,30.8,30.7,29.7,30.8,31.3,32.4,34.9,33.0,30.8,27.5,25.9,24.9,24.0,25.3,25.4,29.6,33.1,33.1,32.9,29.5,27.5,27.5,27.6,27.7,26.9,27.3,26.8,24.3,19.6,17.7,11.8,10.5,10.0,8.9,12.2,10.9,11.3,10.0,8.6,4.9,-9.8,-7.6,-7.5,-3.6,-6.7,-9.6,-10.1,-18.0,4.5,7.4,10.1,18.0,11.8,13.1,13.8,16.6,19.8,19.0,26.8
Margem Liquida %,17.3,1.2,4.5,,,,1.6,0.5,3.5,5.5,6.1,7.3,10.3,8.4,-2.7,-4.2,-9.9,-8.0,2.7,2.6,4.0,5.7,5.8,5.6,5.1,8.7,8.7,8.8,8.7,3.7,4.0,3.8,5.3,5.0,3.9,3.8,3.6,7.6,9.2,10.0,10.8,6.4,9.1,-1.7,-0.6,0.6,6.6,17.4,19.8,22.6,22.8,22.2,23.6,22.5,21.0,18.7,17.7,19.4,17.4,21.0,19.9,21.8,22.8,21.6,22.4,20.9,20.7,20.9,20.0,19.6,22.2,22.7,24.3,24.4,21.8,19.7,19.1,18.0,17.4,18.4,18.1,20.3,22.6,22.7,23.5,22.1,21.9,22.0,21.4,21.7,22.4,23.9,24.5,22.2,18.0,16.1,9.5,8.7,9.6,8.7,11.8,10.7,9.9,8.7,7.9,4.3,-8.0,-8.2,-9.9,-9.5,-13.9,-16.7,-17.4,-23.5,-6.6,-4.1,-4.1,3.4,-0.2,0.9,4.9,6.8,9.2,7.9,10.7
Margem Ebitda %,26.3,9.1,7.3,,,,7.6,,,,19.9,,,,12.7,,,,12.3,,,,24.5,,,,8.0,,,,13.3,,,,13.9,,,,21.5,,,,18.8,,,,22.8,,,,37.6,,,,30.5,,,,26.9,,,,36.2,,,,35.2,,,,34.9,,,,34.9,31.8,30.4,29.4,28.6,29.9,29.7,33.8,38.2,38.7,39.3,37.0,35.2,34.9,34.9,34.9,33.9,34.3,33.6,31.0,26.6,24.7,19.1,17.9,17.2,16.5,20.2,19.4,20.4,19.0,17.6,13.3,-1.5,1.3,1.9,6.5,4.5,3.0,4.0,-2.0,21.1,23.6,25.7,32.8,25.9,27.2,27.6,28.9,31.7,32.7,42.7
ROA Rentab do Ativo %,13.9,1.0,3.7,,,,1.1,0.4,2.5,3.9,4.8,6.5,8.7,6.6,-1.3,-2.2,-5.1,-4.5,1.6,1.5,2.3,3.2,3.3,3.3,3.0,5.2,5.0,5.0,4.8,1.9,2.0,1.9,2.6,2.6,2.0,2.0,1.8,3.6,4.2,4.4,4.7,2.7,3.7,-0.6,-0.2,0.2,3.2,9.7,12.5,15.1,15.6,15.9,17.4,15.9,14.3,12.8,10.7,9.9,9.8,13.0,13.8,14.9,14.6,13.4,13.2,12.6,12.9,13.4,13.7,13.3,15.2,16.0,17.0,16.6,14.5,13.0,12.2,11.2,10.4,10.6,10.4,11.6,11.7,11.2,10.9,9.5,9.3,9.2,9.1,7.2,7.5,8.1,8.6,7.9,6.7,6.0,3.7,3.4,3.7,3.3,4.3,3.9,3.7,3.2,3.0,1.7,-3.4,-3.3,-3.9,-3.5,-5.0,-6.1,-6.3,-8.4,-2.2,-1.4,-1.4,1.1,-0.1,0.3,1.5,2.2,3.1,2.2,2.9
ROE Rent Pat(pat final)%,22.9,1.7,6.5,,,,1.9,0.7,4.4,7.1,9.5,11.5,15.4,12.3,-2.0,-3.3,-8.0,-7.2,2.5,2.3,3.7,5.2,5.3,5.1,4.7,7.7,7.5,7.4,7.1,2.9,3.0,2.9,4.1,4.1,3.3,3.3,3.0,6.1,7.3,7.7,8.2,4.8,6.6,-1.3,-0.5,0.7,10.0,28.0,33.0,37.7,40.2,37.5,38.3,35.3,34.6,28.5,25.0,27.0,26.7,31.6,30.1,33.0,34.0,28.9,28.6,27.5,27.6,27.1,26.6,25.2,29.1,28.7,29.0,29.5,26.2,22.6,21.3,19.6,19.0,19.9,19.8,22.2,25.3,23.9,22.9,19.4,17.9,18.0,17.6,11.0,11.4,12.1,12.6,11.8,10.0,9.3,5.6,5.3,6.1,5.8,8.0,7.3,6.7,6.0,5.5,3.3,-7.0,-7.2,-8.5,-8.5,-13.7,-15.8,-15.3,-20.9,-5.9,-3.5,-3.6,2.9,-0.2,0.8,4.2,6.3,9.3,8.1,10.4
ROE Rent Pat(pat medio)%,,2.8,11.7,,,,3.5,1.3,8.5,13.4,17.3,18.8,25.6,20.7,-3.8,-6.2,-15.3,-13.9,4.7,4.3,7.0,9.8,10.2,10.0,9.2,14.9,13.7,11.8,8.4,3.2,3.4,3.2,4.4,4.2,3.3,3.3,3.0,6.2,7.5,7.9,8.5,4.8,6.7,-1.3,-0.5,0.6,9.0,27.8,34.1,45.2,47.3,43.7,44.2,40.2,37.5,29.9,26.4,28.5,29.5,37.6,35.5,38.5,39.7,31.9,31.6,30.2,30.7,30.1,29.0,28.0,32.4,32.1,33.1,32.9,28.9,24.5,22.7,21.0,20.5,21.6,21.6,24.8,28.0,26.3,24.8,20.5,19.0,19.2,18.8,14.4,14.9,15.7,16.3,12.3,10.4,9.6,5.8,5.4,6.2,5.8,8.0,7.3,6.8,6.1,5.7,3.3,-6.6,-6.6,-7.8,-7.8,-12.4,-14.6,-14.4,-19.8,-5.9,-3.5,-3.5,2.9,-0.2,0.8,4.4,6.6,9.5,8.2,10.8
ROE Rent Pat (pat inic)%,,7.7,64.1,,,,33.0,28.0,145.1,138.5,97.7,51.4,75.9,65.1,-25.4,-47.4,-156.2,-167.8,31.3,30.9,59.0,106.6,140.4,187.0,230.2,192.1,79.9,29.4,10.3,3.7,3.8,3.5,4.6,4.4,3.4,3.3,3.1,6.4,7.7,8.2,8.8,4.9,6.8,-1.2,-0.5,0.5,8.1,27.5,35.2,56.5,57.5,52.3,52.2,46.6,40.8,31.5,27.9,30.2,33.0,46.4,43.2,46.4,47.7,35.5,35.4,33.7,34.5,33.9,31.9,31.5,36.5,36.4,38.5,37.1,32.3,26.7,24.4,22.6,22.2,23.6,23.8,28.0,31.4,29.2,27.0,21.7,20.3,20.5,20.1,20.6,21.4,22.3,23.0,13.0,10.8,9.9,5.9,5.5,6.3,5.8,8.0,7.3,6.8,6.3,5.9,3.3,-6.2,-6.1,-7.2,-7.2,-11.3,-13.6,-13.5,-18.8,-5.8,-3.5,-3.4,2.9,-0.2,0.8,4.6,7.0,9.8,8.4,11.2
ROIC (IC fim) %,15.3,3.0,4.2,,,,1.5,2.3,5.2,7.3,11.3,10.4,11.0,8.2,0.9,0.4,-2.2,-1.8,1.8,1.9,4.3,5.4,7.4,7.6,5.8,3.6,-0.2,-0.1,-0.8,0.3,1.9,2.2,2.5,2.7,2.2,1.9,2.6,4.1,4.5,4.7,5.1,3.6,3.1,-2.1,-1.4,-0.8,5.3,14.8,18.6,23.3,25.0,24.0,25.7,23.3,26.3,19.2,16.8,15.9,15.0,21.6,22.7,26.2,28.6,23.3,21.1,20.7,21.9,21.0,21.6,22.9,24.2,24.4,24.4,23.6,22.1,17.8,16.1,14.6,14.0,15.3,15.6,17.4,18.5,17.8,15.7,13.1,11.0,10.5,10.3,7.8,7.8,8.0,7.9,7.2,5.9,5.6,3.7,3.3,3.1,2.7,3.7,3.4,3.5,2.8,2.5,1.4,-3.1,-2.2,-2.2,-1.0,-1.8,-2.6,-2.6,-4.7,1.1,1.7,2.4,4.2,2.7,3.0,3.1,4.0,4.9,3.8,5.2
ROIC (IC medio) %,,5.0,7.5,,,,2.9,4.6,10.1,13.9,20.7,17.0,18.2,13.9,1.7,0.7,-4.2,-3.4,3.3,3.6,8.1,10.3,14.2,14.8,11.3,6.8,-0.3,-0.2,-0.9,0.3,2.2,2.4,2.7,2.9,2.3,2.0,2.7,4.3,4.7,4.9,5.2,3.7,3.1,-2.1,-1.5,-0.8,5.8,16.0,19.9,23.5,24.7,23.5,24.4,22.4,24.4,19.3,18.1,18.1,18.4,25.7,26.4,28.4,30.1,25.1,23.1,23.3,25.4,23.9,23.5,24.6,25.8,25.8,27.0,26.1,24.3,19.7,17.6,16.3,15.8,16.6,17.0,19.5,21.1,20.3,18.1,14.2,11.8,11.7,11.4,9.8,9.7,9.6,9.3,7.5,6.3,5.9,3.9,3.5,3.3,3.0,4.0,3.6,3.7,3.1,2.7,1.5,-3.3,-2.3,-2.2,-1.0,-1.9,-2.6,-2.6,-4.5,1.1,1.7,2.4,4.3,2.8,3.1,3.3,4.3,5.2,4.5,6.2
ROIC (IC inicial) %,,14.4,38.8,,,,28.9,102.8,186.1,144.9,123.2,47.3,53.5,46.0,10.3,5.3,-41.2,-38.0,22.3,25.4,69.1,110.1,193.0,272.8,268.2,81.1,-1.5,-0.4,-1.2,0.4,2.5,2.7,2.9,3.1,2.4,2.1,2.9,4.5,4.9,5.1,5.4,3.9,3.2,-2.2,-1.6,-0.9,6.3,17.4,21.5,23.7,24.4,23.0,23.3,21.7,22.7,19.3,19.6,21.1,23.8,31.5,31.7,31.0,31.8,27.1,25.4,26.7,30.2,27.8,25.8,26.6,27.6,27.4,30.2,29.1,26.9,22.1,19.4,18.5,18.2,18.2,18.6,22.1,24.6,23.8,21.3,15.5,12.8,13.1,12.8,13.3,12.6,11.9,11.4,7.9,6.7,6.3,4.2,3.7,3.6,3.2,4.3,3.8,3.8,3.3,2.9,1.7,-3.5,-2.4,-2.2,-1.0,-1.9,-2.6,-2.7,-4.3,1.1,1.8,2.4,4.5,2.9,3.2,3.5,4.6,5.5,5.5,7.5
Invested Capital $,58.376096,278.9619491,2594.640727,4402.601091,6566.561455,16271.45818,48454.52946,193855.5116,235468.7284,324038.1811,527230.0669,883891.5226,1150508.668,1819105.735,6022341.091,11777675.18,21216410.4,38666878.86,75763595.64,154019243,342821043.7,790673553.8,1980323636,5529773352,15957801000,17981568000,19671122000,21319461000,23556515000,24657278000,25959835000,26420076000,26840206000,28238507000,28723844000,29409489000,29658750000,31003510000,31606151000,31689480000,31833393000,32968014000,32512951000,34069201000,35104384000,39558735000,38673164000,39950007000,40710521000,40305394000,37807214000,38352325000,36962255000,37599649000,32536689000,38545400000,43169160000,49923797000,51718486000,56214925000,60353131000,59018730000,57589797000,65464075000,72683576000,76195690000,79428545000,86888914000,86632044000,88430732000,90491632000,97767017000,107322940000,109086647000,109998078000,121798021000,129166691000,138159564000,143747721000,145399491000,153819717000,175117639000,190550114000,194957548000,207652685000,207261871000,220509489000,241910157000,258380708000,355362343000,355143004000,358276421000,374968725000,389119609000,399297126000,405302872000,428620616000,438166745000,464380942000,484353975000,497095264000,494342137000,504355163000,565805388000,584186000000,588160000000,570309000000,593756000000,600149000000,633887000000,620533000000,614980000000,606154000000,586685000000,623052000000,621232000000,625554000000,635408000000,662685000000,659943000000,696254000000,730915000000,750174000000,964373000000,998260000000
Rentab Invest Subsid %,6.8,6.4,7.9,,,,2.5,-1.2,-4.8,-3.8,-6.8,-6.0,-2.5,-2.3,-6.1,-5.5,-5.6,-12.3,-5.8,-6.1,-6.1,-0.1,-0.4,-0.8,1.3,-0.3,0.3,1.5,2.7,5.9,8.6,9.1,7.9,7.4,6.8,6.9,7.5,15.9,18.4,19.4,20.1,13.2,17.0,17.7,17.3,17.0,10.9,8.6,7.9,7.3,13.0,17.2,33.3,36.5,30.0,20.1,14.5,15.8,21.8,24.5,16.2,9.8,6.3,5.8,11.5,9.6,9.8,12.3,6.7,6.1,8.9,5.9,8.2,5.6,1.9,0.6,-0.3,0.7,-2.8,0.3,2.8,6.0,8.7,10.8,14.1,19.4,22.5,19.6,15.8,14.0,15.4,19.9,21.9,14.4,11.2,12.0,5.3,10.3,12.1,11.9,15.6,14.2,18.3,,,,,,,,,,,,,,,,,,,,,,
Alavancagem Financ x,1.3,0.5,1.4,,,,1.0,0.2,0.7,0.9,0.8,0.9,1.2,1.3,-1.7,-5.0,3.0,3.4,2.6,2.1,0.9,1.0,0.6,0.6,0.7,2.0,-11.5,-13.1,-4.6,9.7,1.2,1.0,1.3,1.2,1.2,1.3,0.9,1.2,1.3,1.3,1.3,1.1,1.8,2.1,2.2,1.8,2.0,2.4,2.4,2.4,2.6,2.5,2.4,2.6,2.7,2.5,2.8,3.1,3.3,2.8,2.3,2.2,2.4,2.1,2.3,2.2,2.0,1.9,1.8,1.7,1.9,1.8,1.8,1.9,1.9,1.9,1.9,1.9,2.0,2.0,2.0,2.0,2.1,2.0,2.0,1.9,1.9,1.9,1.9,1.6,1.6,1.7,1.7,1.7,1.8,1.8,1.5,1.6,1.8,2.0,2.1,2.1,1.7,1.6,1.7,1.6,2.5,3.9,4.9,40.0,11.0,7.7,8.8,4.8,-3.7,-1.6,-1.8,0.7,-0.1,0.2,1.1,1.4,1.8,1.8,1.9
Alavancagem Operac x,1.6,2.6,3.4,,,,6.4,2.8,1.7,1.5,1.9,1.9,1.8,2.1,3.1,4.1,13.6,3.3,3.2,3.8,2.5,2.5,1.9,2.2,4.0,6.0,7.1,4.6,6.9,-29.7,4.1,3.5,3.1,2.9,3.1,4.1,3.7,3.4,3.5,3.5,3.4,3.2,1.4,1.2,1.1,1.0,1.2,1.1,1.1,1.1,1.1,1.1,1.1,1.1,1.2,1.2,1.2,1.2,1.2,1.2,1.2,1.1,1.1,1.1,1.1,1.2,1.2,1.2,1.2,1.2,1.2,1.2,1.2,1.2,1.2,1.2,1.2,1.2,1.2,1.2,1.2,1.2,1.2,1.2,1.2,1.3,1.2,1.2,1.3,1.3,1.3,1.3,1.3,1.3,1.4,1.4,1.5,1.6,1.6,1.7,1.6,1.6,1.7,1.7,1.7,1.8,1.7,1.6,1.6,1.4,1.4,1.5,1.5,1.5,1.6,1.5,1.5,1.6,1.5,1.5,1.5,1.4,1.3,1.3,1.3
Capex (incl invest) $,,,,,,,,,,,,,,,,,,,4590676.364,,,,,,,,1146346000,,,,1692808000,,,,1899152000,,,,2151730000,,,,2411190000,,,,2400253000,,,,3260095000,,,,5195351000,,,,9191445000,,,,11345756000,,,,13194676000,,,,15964891000,,,,17606702000,18418974000,20277231000,21835188000,26898165000,29342183000,30215259000,33000066000,35005228000,38002040000,41401890000,46254152000,46638740000,45057511000,47803441000,53173324000,55266549000,56588535000,54184070000,47910464000,48409531000,52956064000,59665784000,68195044000,72206866000,73608681000,77892917000,77850341000,82396138000,82646291000,76307034000,71349940000,62205000000,60458481000,68827000000,72194000000,78036000000,72877000000,58113000000,47218000000,55990000000,53532000000,45606000000,54039000000,48457000000,46502000000,57058000000,68971000000,72358000000,71003000000,34345000000
Depreciacao e amortiz $,2.202601818,13.12508982,47.47454545,,,,2056.757818,,,,22013.38618,,,,343180,,,,4339094.182,,,,111853818.2,,,,1151679000,,,,1278698000,,,,1394698000,,,,1446336000,,,,1449291000,,,,3009937000,,,,2442112000,,,,2001367000,,,,3429372000,,,,2843380000,,,,3802480000,,,,3773745000,,,,4922117000,5239383000,5448495000,5471000000,5819145000,6099561000,6226838000,6611223000,8194282000,8799230000,9672923000,10557844000,10315400000,10458582000,10651794000,10898726000,10812993000,11151539000,11402413000,11661158000,12902393000,13675995000,14532921000,15593030000,15738268000,16979398000,18337427000,19770876000,21473699000,22043570000,22681772000,21934750000,22518000000,23701216000,24524000000,26198000000,28039000000,31183000000,33698000000,37096000000,37150000000,35875000000,34673000000,32975000000,32159000000,32518000000,33091000000,32654000000,33325000000,39497000000,46766000000
Capex (inc inv)/Deprec %,,,,,,,,,,,,,,,,,,,105.8,,,,,,,,99.5,,,,132.4,,,,136.2,,,,148.8,,,,166.4,,,,79.7,,,,133.5,,,,259.6,,,,268.0,,,,399.0,,,,347.0,,,,423.1,,,,357.7,351.5,372.2,399.1,462.2,481.1,485.2,499.2,427.2,431.9,428.0,438.1,452.1,430.8,448.8,487.9,511.1,507.5,475.2,410.9,375.2,387.2,410.6,437.3,458.8,433.5,424.8,393.8,383.7,374.9,336.4,325.3,276.2,255.1,280.7,275.6,278.3,233.7,172.5,127.3,150.7,149.2,131.5,163.9,150.7,143.0,172.4,211.2,217.1,179.8,73.4
Deprec / Imob e Intang %,,50.2,36.5,,,,161.6,,,,98.3,,,,151.0,,,,148.8,,,,319.7,,,,125.0,,,,13.9,,,,12.0,,,,11.5,,,,11.0,,,,21.2,,,,15.6,,,,11.7,,,,18.0,,,,12.4,,,,10.8,,,,8.8,,,,9.6,9.6,9.6,9.2,9.4,9.4,9.1,9.0,10.1,10.3,10.7,10.9,8.3,8.0,7.8,7.5,7.1,6.9,6.5,4.6,4.8,4.9,5.0,5.2,5.2,5.4,5.7,5.9,6.0,6.0,6.0,5.6,5.2,5.3,5.3,5.6,6.3,6.9,7.3,8.0,8.2,7.9,7.7,7.6,7.4,7.5,7.7,7.6,7.5,8.8,
Fluxo de caixa livre $,,,,,,,,,,,,,,,,,,,,,,,,,,,,,,,,,,,,,,,,,,,,,,,,,,,,,,,,,,,,,,,,,,,,,,,8259624000,,,,17681648000,15757041000,20320551000,13202746000,13307952000,15260480000,12700815000,18943850000,20770516000,17613877000,5829604000,-9929317000,-24088823000,-31434666000,-34422885000,-45125792000,-40840196000,-41795812000,-33858788000,-12725417999,-12996984000,-9629325000,-17894395000,-26356126000,-33083152000,-37930967000,-35070290000,-45064761000,-50528078000,-54258973000,-57534585000,-33233832000,-21237000000,-11565537000,-11142000000,-26369000000,-27996000000,-27600000000,-19562000000,-3644000000,-18729000000,-17332000000,-10247000000,-18107000000,-15155000000,-6299000000,-13715000000,-37938000000,-42857000000,-54053000000,-16869000000